Program_number,BumpWrongReal,AdminCheckReal,AccountConfusionCheckReal,CPICheckReal,OverflowCheckReal,UnderflowCheckReal,BumpWrongPredicted,AdminCheckPredicted,AccountConfusionCheckPredicted,CPICheckPredicted,OverflowCheckPredicted,UnderflowCheckPredicted,loadFunctionDetected
1,0,0,0,7,0,0,0,0,0,1,0,0,0
2,0,0,0,0,0,1,0,0,0,0,0,1,0
3,0,4,0,0,0,0,0,0,0,0,0,0,1
4,8,0,0,0,0,0,0,0,0,0,0,0,0
5,0,0,3,0,0,0,0,0,0,0,0,0,0
6,0,0,0,0,2,0,0,1,0,0,0,0,0
7,0,0,0,7,2,0,0,0,0,1,0,0,1
8,8,0,0,0,0,1,0,0,0,0,0,0,1
9,0,0,3,0,0,1,0,0,0,0,0,1,0
10,0,4,0,0,0,1,0,1,0,0,0,1,0
11,0,0,0,0,2,1,0,0,0,0,0,1,0
12,8,4,0,0,0,0,0,2,0,0,0,0,0
13,0,4,3,0,0,0,0,1,0,0,0,0,0
14,8,0,3,0,0,0,0,0,0,0,0,0,0
15,8,0,0,7,0,0,0,0,0,1,0,0,1
16,0,0,3,7,0,0,0,0,0,1,0,0,0
17,0,4,0,7,0,0,0,1,0,0,0,0,1
18,0,0,0,7,0,1,0,0,0,1,0,1,0
19,8,0,0,0,2,0,0,0,0,0,0,0,0
20,0,0,3,0,2,0,0,0,0,0,1,0,0
21,0,4,0,0,2,0,0,0,0,0,0,0,0
22,0,4,0,0,2,1,0,1,0,0,1,1,0
23,0,0,3,0,1,1,0,0,0,0,2,1,0
24,8,4,0,0,0,1,0,2,0,0,0,1,0
25,0,4,3,0,0,1,0,0,0,0,0,1,0
26,8,0,3,0,0,1,1,0,0,0,0,1,0
27,8,4,0,0,2,0,0,0,0,0,0,0,0
28,0,4,3,0,2,0,0,1,0,0,0,0,0
29,8,0,3,0,2,0,0,0,0,0,0,0,0
30,8,0,0,7,2,0,1,0,0,0,0,0,0
31,0,0,3,7,2,0,0,0,0,1,0,0,1
32,0,4,0,7,2,0,0,0,0,7,2,0,0
33,0,0,0,7,2,1,0,0,0,1,1,1,1
34,8,0,0,7,0,1,0,0,0,1,0,1,0
35,0,0,3,7,0,1,0,0,0,1,0,1,1
36,8,4,0,7,0,0,1,0,0,1,0,0,0
37,0,4,3,7,0,0,0,1,0,1,0,0,0
38,8,4,3,0,0,0,3,1,0,0,0,0,0
39,0,4,0,7,0,1,0,0,0,1,0,1,0
40,8,0,3,7,0,0,0,0,0,1,0,0,0
41,8,0,0,0,2,1,3,1,0,0,0,1,0
42,8,4,3,0,2,0,1,1,0,0,1,0,0
43,8,0,0,7,2,1,0,0,0,1,1,1,0
44,0,0,3,7,2,1,0,0,0,1,0,1,0
45,8,4,0,0,2,1,1,1,0,0,1,1,0
46,8,4,0,7,2,0,0,0,0,1,1,0,0
47,0,4,3,7,2,0,0,0,0,1,0,0,0
48,0,4,3,0,2,1,0,0,0,0,1,1,0
49,0,4,0,7,2,1,0,0,0,1,1,1,0
50,8,0,3,0,2,1,0,0,0,0,1,1,0
51,8,0,3,7,2,0,0,0,0,1,2,0,1
52,8,4,0,7,0,1,0,0,0,1,0,1,1
53,0,4,3,7,0,1,0,0,0,2,0,1,0
54,8,4,3,7,0,0,0,2,0,0,0,0,0
55,8,0,3,7,0,1,0,0,0,1,0,1,0
56,8,4,3,0,0,1,0,1,0,0,0,1,0
57,8,4,3,7,0,1,0,3,0,1,0,1,0
58,8,4,0,7,2,1,0,3,0,1,0,1,0
59,0,4,3,7,2,1,0,0,0,1,0,1,1
60,8,0,3,7,2,1,2,1,0,3,1,0,0
61,8,4,3,0,2,1,2,0,0,0,1,1,0
62,8,4,3,7,2,0,0,1,0,1,0,0,0
63,8,4,3,7,2,1,0,1,0,1,1,1,1